index,min,, sec, tag_id, distance,times, interval,  absence
1,8,1,2,0xcc66,204,7,1,0
2,8,1,2,0xbbff,311,10,1,3
,,,,,,,,
1,8,2,2,0xcc66,201,8,1,0
,,,,,,,,
1,8,3,2,0xcc66,209,9,1,0
2,8,3,2,0xbbff,309,11,1,4
,,,,,,,,
1,8,4,2,0xcc66,209,10,1,0
2,8,4,2,0xbbff,308,12,1,4
,,,,,,,,
1,8,5,2,0xcc66,209,11,1,0
,,,,,,,,
1,8,6,2,0xcc33,317,1,1,0
2,8,6,2,0xcc66,198,12,1,0
,,,,,,,,
1,8,7,3,0xcc33,317,2,1,0
2,8,7,3,0xcc66,204,13,1,0
,,,,,,,,
1,8,8,4,0xcc33,325,3,1,0
2,8,8,4,0xcc66,206,14,1,0
3,8,8,4,0xbbff,306,13,1,5
,,,,,,,,
1,8,9,10,0xcc33,322,4,1,0
2,8,9,10,0xcc66,204,15,1,0
3,8,9,10,0xbbff,309,14,1,5
,,,,,,,,
1,8,10,10,0xcc33,317,5,1,0
2,8,10,10,0xcc66,201,16,1,0
,,,,,,,,
1,8,11,10,0xcc33,321,6,1,0
2,8,11,10,0xcc66,211,17,1,0
3,8,11,10,0xbbff,312,15,1,6
,,,,,,,,
1,8,12,10,0xcc33,316,7,1,0
2,8,12,10,0xcc66,196,18,1,0
,,,,,,,,
1,8,,10,0xcc33,316,8,1,0
2,8,,10,0xcc66,208,19,1,0
,,,,,,,,
1,8,,10,0xbbee,222,1,1,2
2,8,,10,0xcc33,312,9,1,0
3,8,,10,0xcc66,194,20,1,0
,,,,,,,,
1,8,,11,0xbbee,224,2,1,2
2,8,,11,0xcc33,313,10,1,0
3,8,,11,0xcc66,196,21,1,0
4,8,,11,0xbbff,313,16,1,6
,,,,,,,,
1,8,,12,0xbbee,225,3,1,2
2,8,,12,0xcc33,310,11,1,0
3,8,,12,0xcc66,196,22,1,0
,,,,,,,,
1,8,,18,0xbbee,220,4,1,2
2,8,,18,0xcc33,312,12,1,0
3,8,,18,0xcc66,199,23,1,0
4,8,,18,0xbbff,317,17,1,6
,,,,,,,,
1,8,,18,0xbbee,220,5,1,2
2,8,,18,0xcc33,313,13,1,0
3,8,,18,0xcc66,196,24,1,0
,,,,,,,,
1,8,,18,0xbbee,222,6,1,2
2,8,,18,0xcc33,309,14,1,0
3,8,,18,0xcc66,197,25,1,0
,,,,,,,,
1,8,,18,0xbbee,224,7,1,2
2,8,,18,0xcc33,309,15,1,0
3,8,,18,0xcc66,196,26,1,0
,,,,,,,,
1,8,,18,0xcc11,309,1,1,0
2,8,,18,0xcc66,200,27,1,0
,,,,,,,,
1,8,,18,0xcc11,312,2,1,0
2,8,,18,0xbbee,215,8,1,2
3,8,,18,0xcc33,300,16,1,1
4,8,,18,0xcc66,205,28,1,0
,,,,,,,,
1,8,,18,0xcc11,314,3,1,0
2,8,,18,0xbbee,214,9,1,2
3,8,,18,0xcc33,303,17,1,1
4,8,,18,0xcc66,199,29,1,0
,,,,,,,,
1,8,,20,0xcc11,308,4,1,0
2,8,,20,0xbbee,216,10,1,2
3,8,,20,0xcc33,302,18,1,1
4,8,,20,0xcc66,204,30,1,0
,,,,,,,,
1,8,,21,0xcc11,314,5,1,0
2,8,,21,0xbbee,218,11,1,2
3,8,,21,0xcc33,302,19,1,1
4,8,,21,0xcc66,204,31,1,0
,,,,,,,,
1,8,,22,0xcc11,311,6,1,0
2,8,,22,0xbbee,211,12,1,2
3,8,,22,0xcc33,302,20,1,1
4,8,,22,0xcc66,204,32,1,0
,,,,,,,,
1,8,,23,0xcc11,311,7,1,0
2,8,,23,0xbbee,213,13,1,2
3,8,,23,0xcc33,303,21,1,1
4,8,,23,0xcc66,203,33,1,0
,,,,,,,,
1,8,,24,0xcc11,312,8,1,0
2,8,,24,0xbbee,212,14,1,2
3,8,,24,0xcc33,309,22,1,1
4,8,,24,0xcc66,205,34,1,0
,,,,,,,,
1,8,,25,0xbbdd,344,1,1,0
2,8,,25,0xcc11,304,9,1,0
3,8,,25,0xbbee,202,15,1,2
4,8,,25,0xcc33,321,23,1,1
5,8,,25,0xcc66,201,35,1,0
,,,,,,,,
1,8,,26,0xbbdd,341,2,1,0
2,8,,26,0xcc11,306,10,1,0
3,8,,26,0xbbee,205,16,1,2
4,8,,26,0xcc33,313,24,1,1
5,8,,26,0xcc66,202,36,1,0
,,,,,,,,
1,8,,27,0xbbdd,345,3,1,0
2,8,,27,0xcc11,304,11,1,0
3,8,,27,0xbbee,201,17,1,2
4,8,,27,0xcc33,318,25,1,1
5,8,,27,0xcc66,199,37,1,0
,,,,,,,,
1,8,,28,0xcc11,308,12,1,0
2,8,,28,0xbbee,205,18,1,2
3,8,,28,0xcc33,316,26,1,1
4,8,,28,0xcc66,196,38,1,0
,,,,,,,,
1,8,,29,0xbbdd,346,4,1,1
2,8,,29,0xcc11,305,13,1,0
3,8,,29,0xbbee,200,19,1,2
4,8,,29,0xcc33,314,27,1,1
5,8,,29,0xcc66,198,39,1,0
,,,,,,,,
1,8,,30,0xbbdd,345,5,1,1
2,8,,30,0xcc11,302,14,1,0
3,8,,30,0xbbee,200,20,1,2
4,8,,30,0xcc33,317,28,1,1
5,8,,30,0xcc66,202,40,1,0
,,,,,,,,
1,8,,31,0xcc11,310,15,1,0
2,8,,31,0xbbee,206,21,1,2
3,8,,31,0xcc33,314,29,1,1
4,8,,31,0xcc66,197,41,1,0
,,,,,,,,
1,8,,32,0xbbdd,351,6,1,2
2,8,,32,0xcc11,304,16,1,0
3,8,,32,0xbbee,204,22,1,2
4,8,,32,0xcc33,319,30,1,1
5,8,,32,0xcc66,202,42,1,0
,,,,,,,,
1,8,,33,0xbbdd,351,7,1,2
2,8,,33,0xcc11,304,17,1,0
3,8,,33,0xbbee,203,23,1,2
4,8,,33,0xcc33,324,31,1,1
5,8,,33,0xcc66,197,43,1,0
,,,,,,,,
1,8,,34,0xbbdd,340,8,1,2
2,8,,34,0xcc11,301,18,1,0
3,8,,34,0xcc33,310,32,1,1
4,8,,34,0xcc66,186,44,1,0
,,,,,,,,
1,8,,37,0xbbdd,340,9,1,2
2,8,,37,0xcc11,301,19,1,0
3,8,,37,0xbbee,222,24,1,2
4,8,,37,0xcc33,311,33,1,1
5,8,,37,0xcc66,193,45,1,0
,,,,,,,,
1,8,,37,0xcc22,225,1,1,2
2,8,,37,0xbbdd,336,10,1,2
3,8,,37,0xcc11,295,20,1,0
4,8,,37,0xbbee,223,25,1,2
5,8,,37,0xcc33,314,34,1,1
6,8,,37,0xcc66,200,46,1,0
,,,,,,,,
1,8,,37,0xcc22,229,2,1,2
2,8,,37,0xbbdd,332,11,1,2
3,8,,37,0xcc11,299,21,1,0
4,8,,37,0xbbee,222,26,1,2
5,8,,37,0xcc33,317,35,1,1
6,8,,37,0xcc66,197,47,1,0
,,,,,,,,
1,8,,38,0xcc22,219,3,1,2
2,8,,38,0xbbdd,334,12,1,2
3,8,,38,0xcc11,300,22,1,0
4,8,,38,0xbbee,220,27,1,2
5,8,,38,0xcc33,310,36,1,1
6,8,,38,0xcc66,193,48,1,0
,,,,,,,,
1,8,,39,0xcc22,228,4,1,2
2,8,,39,0xbbdd,336,13,1,2
3,8,,39,0xcc11,295,23,1,0
4,8,,39,0xbbee,224,28,1,2
5,8,,39,0xcc33,317,37,1,1
6,8,,39,0xcc66,201,49,1,0
,,,,,,,,
1,8,,40,0xcc22,226,5,1,2
2,8,,40,0xbbdd,336,14,1,2
3,8,,40,0xcc11,301,24,1,0
4,8,,40,0xbbee,220,29,1,2
5,8,,40,0xcc33,319,38,1,1
6,8,,40,0xcc66,200,50,1,0
,,,,,,,,
1,8,,41,0xbbdd,330,15,1,2
2,8,,41,0xcc11,289,25,1,0
3,8,,41,0xbbee,225,30,1,2
4,8,,41,0xcc33,313,39,1,1
5,8,,41,0xcc66,199,51,1,0
,,,,,,,,
1,8,,41,0xbbdd,334,16,1,2
2,8,,41,0xcc11,299,26,1,0
3,8,,41,0xcc33,317,40,1,1
4,8,,41,0xcc66,198,52,1,0
,,,,,,,,
1,8,,43,0xbbdd,338,17,1,2
2,8,,43,0xcc11,299,27,1,0
3,8,,43,0xbbee,221,31,1,2
4,8,,43,0xcc33,315,41,1,1
5,8,,43,0xcc66,196,53,1,0
,,,,,,,,
1,8,,44,0xbbdd,333,18,1,2
2,8,,44,0xcc11,292,28,1,0
3,8,,44,0xbbee,223,32,1,2
4,8,,44,0xcc33,314,42,1,1
5,8,,44,0xcc66,197,54,1,0
,,,,,,,,
1,8,,45,0xbbdd,346,19,1,2
2,8,,45,0xcc11,305,29,1,0
3,8,,45,0xbbee,202,33,1,2
4,8,,45,0xcc33,319,43,1,1
5,8,,45,0xcc66,198,55,1,0
,,,,,,,,
1,8,,46,0xbbdd,337,20,1,2
2,8,,46,0xcc11,302,30,1,0
3,8,,46,0xcc33,312,44,1,1
4,8,,46,0xcc66,189,56,1,0
,,,,,,,,
1,8,,48,0xbbdd,339,21,1,2
2,8,,48,0xcc11,300,31,1,0
3,8,,48,0xbbee,224,34,1,2
4,8,,48,0xcc33,316,45,1,1
5,8,,48,0xcc66,196,57,1,0
,,,,,,,,
1,8,,48,0xcc22,221,1,1,2
2,8,,48,0xbbdd,337,22,1,2
3,8,,48,0xcc11,295,32,1,0
4,8,,48,0xbbee,223,35,1,2
5,8,,48,0xcc33,316,46,1,1
6,8,,48,0xcc66,197,58,1,0
,,,,,,,,
1,8,,49,0xbbdd,332,23,1,2
2,8,,49,0xcc11,291,33,1,0
3,8,,49,0xbbee,225,36,1,2
4,8,,49,0xcc33,317,47,1,1
5,8,,49,0xcc66,199,59,1,0
,,,,,,,,
1,8,,50,0xcc22,218,2,1,2
2,8,,50,0xbbdd,333,24,1,2
3,8,,50,0xcc11,296,34,1,0
4,8,,50,0xbbee,222,37,1,2
5,8,,50,0xcc33,315,48,1,1
6,8,,50,0xcc66,201,60,1,0
,,,,,,,,
1,8,,51,0xcc22,218,3,1,2
2,8,,51,0xbbdd,334,25,1,2
3,8,,51,0xcc11,295,35,1,0
4,8,,51,0xbbee,221,38,1,2
5,8,,51,0xcc33,313,49,1,1
6,8,,51,0xcc66,198,61,1,0
7,8,,51,0xbbff,324,18,1,6
,,,,,,,,
1,8,,52,0xcc22,220,4,1,2
2,8,,52,0xbbdd,338,26,1,2
3,8,,52,0xcc11,297,36,1,0
4,8,,52,0xbbee,223,39,1,2
5,8,,52,0xcc33,314,50,1,1
6,8,,52,0xcc66,197,62,1,0
7,8,,52,0xbbff,318,19,1,6
,,,,,,,,
1,8,,53,0xcc22,220,5,1,2
2,8,,53,0xcc11,294,37,1,0
3,8,,53,0xbbee,222,40,1,2
4,8,,53,0xcc33,312,51,1,1
5,8,,53,0xcc66,198,63,1,0
6,8,,53,0xbbff,321,20,1,6
,,,,,,,,
1,8,,54,0xcc22,218,6,1,2
2,8,,54,0xbbdd,339,27,1,2
3,8,,54,0xcc11,292,38,1,0
4,8,,54,0xbbee,223,41,1,2
5,8,,54,0xcc33,314,52,1,1
6,8,,54,0xcc66,199,64,1,0
,,,,,,,,
1,8,,55,0xcc22,219,7,1,2
2,8,,55,0xbbdd,334,28,1,2
3,8,,55,0xcc11,292,39,1,0
4,8,,55,0xbbee,223,42,1,2
5,8,,55,0xcc33,317,53,1,1
6,8,,55,0xcc66,197,65,1,0
,,,,,,,,
1,8,,56,0xbbdd,333,29,1,2
2,8,,56,0xcc11,295,40,1,0
3,8,,56,0xbbee,223,43,1,2
4,8,,56,0xcc33,318,54,1,1
5,8,,56,0xcc66,198,66,1,0
6,8,,56,0xbbff,320,21,1,6
,,,,,,,,
1,8,,57,0xcc22,223,8,1,2
2,8,,57,0xbbdd,343,30,1,2
3,8,,57,0xcc11,295,41,1,0
4,8,,57,0xbbee,221,44,1,2
5,8,,57,0xcc33,313,55,1,1
6,8,,57,0xcc66,197,67,1,0
,,,,,,,,
1,8,,58,0xbbdd,332,31,1,2
2,8,,58,0xcc11,291,42,1,0
3,8,,58,0xbbee,224,45,1,2
4,8,,58,0xcc33,317,56,1,1
5,8,,58,0xcc66,197,68,1,0
,,,,,,,,
1,8,,59,0xcc22,218,9,1,2
2,8,,59,0xbbdd,339,32,1,2
3,8,,59,0xcc11,298,43,1,0
4,8,,59,0xbbee,224,46,1,2
5,8,,59,0xcc33,316,57,1,1
6,8,,59,0xcc66,194,69,1,0
,,,,,,,,
1,9,,0,0xbbdd,337,33,1,2
2,9,,0,0xcc11,297,44,1,0
3,9,,0,0xbbee,223,47,1,2
4,9,,0,0xcc33,318,58,1,1
5,9,,0,0xcc66,196,70,1,0
,,,,,,,,
1,9,,1,0xcc22,224,10,1,3
2,9,,1,0xbbdd,336,34,1,2
3,9,,1,0xcc11,299,45,1,0
4,9,,1,0xbbee,224,48,1,2
5,9,,1,0xcc33,315,59,1,1
6,9,,1,0xcc66,198,71,1,0
,,,,,,,,
1,9,,2,0xcc22,221,11,1,3
2,9,,2,0xbbdd,336,35,1,2
3,9,,2,0xcc11,295,46,1,0
4,9,,2,0xbbee,222,49,1,2
5,9,,2,0xcc33,313,60,1,1
6,9,,2,0xcc66,199,72,1,0
,,,,,,,,
1,9,,3,0xbbdd,337,36,1,2
2,9,,3,0xcc11,299,47,1,0
3,9,,3,0xbbee,224,50,1,2
4,9,,3,0xcc33,321,61,1,1
5,9,,3,0xcc66,197,73,1,0
,,,,,,,,
1,9,,4,0xbbdd,329,37,1,2
2,9,,4,0xcc11,296,48,1,0
3,9,,4,0xbbee,223,51,1,2
4,9,,4,0xcc33,314,62,1,1
5,9,,4,0xcc66,196,74,1,0
,,,,,,,,
1,9,,5,0xcc22,216,12,1,4
2,9,,5,0xbbdd,339,38,1,2
3,9,,5,0xcc11,297,49,1,0
4,9,,5,0xbbee,223,52,1,2
5,9,,5,0xcc33,314,63,1,1
6,9,,5,0xcc66,197,75,1,0
,,,,,,,,
1,9,,5,0xbbdd,328,39,1,2
2,9,,5,0xcc11,292,50,1,0
3,9,,5,0xbbee,223,53,1,2
4,9,,5,0xcc33,317,64,1,1
5,9,,5,0xcc66,198,76,1,0
,,,,,,,,
1,9,,7,0xcc22,221,13,1,4
2,9,,7,0xbbdd,339,40,1,2
3,9,,7,0xcc11,297,51,1,0
4,9,,7,0xbbee,223,54,1,2
5,9,,7,0xcc33,313,65,1,1
6,9,,7,0xcc66,204,77,1,0
,,,,,,,,
1,9,,8,0xcc22,220,14,1,4
2,9,,8,0xbbdd,340,41,1,2
3,9,,8,0xcc11,299,52,1,0
4,9,,8,0xbbee,222,55,1,2
5,9,,8,0xcc33,314,66,1,1
6,9,,8,0xcc66,200,78,1,0
7,9,,8,0xbbff,321,22,1,6
,,,,,,,,
1,9,,9,0xcc22,219,15,1,4
2,9,,9,0xbbdd,333,42,1,2
3,9,,9,0xcc11,297,53,1,0
4,9,,9,0xbbee,222,56,1,2
5,9,,9,0xcc33,319,67,1,1
6,9,,9,0xcc66,201,79,1,0
7,9,,9,0xbbff,320,23,1,6
,,,,,,,,
1,9,,10,0xbbdd,339,43,1,2
2,9,,10,0xcc11,297,54,1,0
3,9,,10,0xbbee,221,57,1,2
4,9,,10,0xcc33,313,68,1,1
5,9,,10,0xcc66,203,80,1,0
,,,,,,,,
1,9,,11,0xbbdd,337,44,1,2
2,9,,11,0xcc11,300,55,1,0
3,9,,11,0xbbee,222,58,1,2
4,9,,11,0xcc33,316,69,1,1
5,9,,11,0xcc66,200,81,1,0
,,,,,,,,
1,9,,12,0xbbdd,336,45,1,2
2,9,,12,0xcc11,300,56,1,0
3,9,,12,0xbbee,221,59,1,2
4,9,,12,0xcc33,317,70,1,1
5,9,,12,0xcc66,198,82,1,0
,,,,,,,,
1,9,,13,0xbbdd,345,46,1,2
2,9,,13,0xcc11,302,57,1,0
3,9,,13,0xbbee,209,60,1,2
4,9,,13,0xcc33,324,71,1,1
5,9,,13,0xcc66,205,83,1,0
,,,,,,,,
1,9,,14,0xcc22,220,1,1,0
2,9,,14,0xbbdd,335,47,1,2
3,9,,14,0xcc11,298,58,1,0
4,9,,14,0xbbee,222,61,1,2
5,9,,14,0xcc33,310,72,1,1
6,9,,14,0xcc66,201,84,1,0
,,,,,,,,
1,9,,15,0xcc22,220,2,1,0
2,9,,15,0xbbdd,337,48,1,2
3,9,,15,0xcc11,295,59,1,0
4,9,,15,0xbbee,221,62,1,2
5,9,,15,0xcc33,315,73,1,1
6,9,,15,0xcc66,196,85,1,0
7,9,,15,0xbbff,321,24,1,6
,,,,,,,,
1,9,,16,0xcc22,224,3,1,0
2,9,,16,0xbbdd,334,49,1,2
3,9,,16,0xcc11,299,60,1,0
4,9,,16,0xbbee,223,63,1,2
5,9,,16,0xcc33,315,74,1,1
6,9,,16,0xcc66,201,86,1,0
7,9,,16,0xbbff,318,25,1,6
,,,,,,,,
1,9,,27,0xbbdd,327,59,1,2
2,9,,27,0xcc11,295,71,1,0
3,9,,27,0xbbee,221,74,1,2
4,9,,27,0xcc33,317,85,1,1
5,9,,27,0xcc66,206,96,1,0
,,,,,,,,
1,9,,27,0xcc22,224,5,1,1
2,9,,27,0xbbdd,336,60,1,2
3,9,,27,0xcc11,298,72,1,0
4,9,,27,0xbbee,222,75,1,2
5,9,,27,0xcc33,316,86,1,1
6,9,,27,0xcc66,199,97,1,0
7,9,,27,0xbbff,318,30,1,6
,,,,,,,,
1,9,,29,0xcc22,220,6,1,1
2,9,,29,0xbbdd,335,61,1,2
3,9,,29,0xcc11,296,73,1,0
4,9,,29,0xbbee,225,76,1,2
5,9,,29,0xcc33,318,87,1,1
6,9,,29,0xcc66,197,98,1,0
,,,,,,,,
1,9,,30,0xcc22,221,7,1,1
2,9,,30,0xbbdd,339,62,1,2
3,9,,30,0xcc11,300,74,1,0
4,9,,30,0xbbee,228,77,1,2
5,9,,30,0xcc33,319,88,1,1
6,9,,30,0xcc66,197,99,1,0
7,9,,30,0xbbff,321,31,1,6
,,,,,,,,
1,9,,31,0xbbdd,343,63,1,2
2,9,,31,0xcc11,300,75,1,0
3,9,,31,0xbbee,220,78,1,2
4,9,,31,0xcc33,314,89,1,1
5,9,,31,0xcc66,201,100,1,0
,,,,,,,,
1,9,,32,0xcc22,223,8,1,2
2,9,,32,0xbbdd,335,64,1,2
3,9,,32,0xcc11,297,76,1,0
4,9,,32,0xbbee,221,79,1,2
5,9,,32,0xcc33,318,90,1,1
6,9,,32,0xcc66,199,101,1,0
7,9,,32,0xbbff,321,32,1,6
,,,,,,,,
1,9,,32,0xcc22,223,9,1,2
2,9,,32,0xbbdd,335,65,1,2
3,9,,32,0xcc11,293,77,1,0
4,9,,32,0xbbee,221,80,1,2
5,9,,32,0xcc33,318,91,1,1
6,9,,32,0xcc66,198,102,1,0
7,9,,32,0xbbff,320,33,1,6
,,,,,,,,
1,9,,34,0xcc22,223,10,1,2
2,9,,34,0xbbdd,338,66,1,2
3,9,,34,0xcc11,294,78,1,0
4,9,,34,0xbbee,219,81,1,2
5,9,,34,0xcc33,316,92,1,1
6,9,,34,0xcc66,202,103,1,0
7,9,,34,0xbbff,321,34,1,6
,,,,,,,,
1,9,,37,0xcc22,219,11,1,2
2,9,,37,0xbbdd,337,67,1,2
3,9,,37,0xcc11,297,79,1,0
4,9,,37,0xbbee,224,82,1,2
5,9,,37,0xcc33,316,93,1,1
6,9,,37,0xcc66,202,104,1,0
7,9,,37,0xbbff,322,35,1,6
,,,,,,,,
1,9,,37,0xcc22,217,12,1,2
2,9,,37,0xbbdd,335,68,1,2
3,9,,37,0xcc11,300,80,1,0
4,9,,37,0xbbee,221,83,1,2
5,9,,37,0xcc33,318,94,1,1
6,9,,37,0xcc66,196,105,1,0
7,9,,37,0xbbff,319,36,1,6
,,,,,,,,
1,9,,37,0xbbdd,333,69,1,2
2,9,,37,0xcc11,292,81,1,0
3,9,,37,0xcc33,310,95,1,1
4,9,,37,0xcc66,192,106,1,0
,,,,,,,,
1,9,,38,0xcc22,219,13,1,2
2,9,,38,0xbbdd,333,70,1,2
3,9,,38,0xcc11,295,82,1,0
4,9,,38,0xbbee,219,84,1,2
5,9,,38,0xcc33,312,96,1,1
6,9,,38,0xcc66,199,107,1,0
,,,,,,,,
1,9,,40,0xcc22,223,14,1,2
2,9,,40,0xbbdd,334,71,1,2
3,9,,40,0xcc11,301,83,1,0
4,9,,40,0xbbee,222,85,1,2
5,9,,40,0xcc33,317,97,1,1
6,9,,40,0xcc66,202,108,1,0
,,,,,,,,
1,9,,40,0xcc22,220,15,1,2
2,9,,40,0xbbdd,334,72,1,2
3,9,,40,0xcc11,299,84,1,0
4,9,,40,0xbbee,222,86,1,2
5,9,,40,0xcc33,318,98,1,1
6,9,,40,0xcc66,204,109,1,0
,,,,,,,,
1,9,,41,0xcc22,218,16,1,2
2,9,,41,0xbbdd,336,73,1,2
3,9,,41,0xcc11,294,85,1,0
4,9,,41,0xbbee,225,87,1,2
5,9,,41,0xcc33,320,99,1,1
6,9,,41,0xcc66,198,110,1,0
,,,,,,,,
1,9,,42,0xbbdd,338,74,1,2
2,9,,42,0xcc11,302,86,1,0
3,9,,42,0xbbee,218,88,1,2
4,9,,42,0xcc33,307,100,1,1
,,,,,,,,
1,9,,43,0xcc22,222,17,1,3
2,9,,43,0xbbdd,338,75,1,2
3,9,,43,0xcc11,296,87,1,0
4,9,,43,0xbbee,223,89,1,2
5,9,,43,0xcc33,317,101,1,1
6,9,,43,0xcc66,196,111,1,0
,,,,,,,,
1,9,,44,0xbbdd,337,76,1,2
2,9,,44,0xcc11,298,88,1,0
3,9,,44,0xbbee,220,90,1,2
4,9,,44,0xcc33,318,102,1,1
5,9,,44,0xcc66,197,112,1,0
,,,,,,,,
1,9,,45,0xcc22,221,18,1,4
2,9,,45,0xbbdd,333,77,1,2
3,9,,45,0xcc11,298,89,1,0
4,9,,45,0xbbee,220,91,1,2
5,9,,45,0xcc33,317,103,1,1
6,9,,45,0xcc66,200,113,1,0
,,,,,,,,
1,9,,46,0xcc22,219,19,1,4
2,9,,46,0xbbdd,334,78,1,2
3,9,,46,0xcc11,296,90,1,0
4,9,,46,0xbbee,219,92,1,2
5,9,,46,0xcc33,316,104,1,1
6,9,,46,0xcc66,199,114,1,0
,,,,,,,,
1,9,,47,0xcc22,222,20,1,4
2,9,,47,0xbbdd,336,79,1,2
3,9,,47,0xcc11,296,91,1,0
4,9,,47,0xbbee,222,93,1,2
5,9,,47,0xcc33,315,105,1,1
6,9,,47,0xcc66,198,115,1,0
7,9,,47,0xbbff,315,37,1,6
,,,,,,,,
1,9,,48,0xbbdd,340,80,1,2
2,9,,48,0xcc11,300,92,1,0
3,9,,48,0xbbee,221,94,1,2
4,9,,48,0xcc33,313,106,1,1
5,9,,48,0xcc66,199,116,1,0
,,,,,,,,
1,9,,49,0xcc22,224,21,1,5
2,9,,49,0xbbdd,337,81,1,2
3,9,,49,0xcc11,297,93,1,0
4,9,,49,0xbbee,221,95,1,2
5,9,,49,0xcc33,316,107,1,1
6,9,,49,0xcc66,201,117,1,0
,,,,,,,,
1,9,,50,0xcc22,222,22,1,5
2,9,,50,0xbbdd,337,82,1,2
3,9,,50,0xcc11,297,94,1,0
4,9,,50,0xbbee,222,96,1,2
5,9,,50,0xcc33,316,108,1,1
6,9,,50,0xcc66,194,118,1,0
7,9,,50,0xbbff,318,38,1,6
,,,,,,,,
1,9,,50,0xbbdd,334,83,1,2
2,9,,50,0xcc11,291,95,1,0
3,9,,50,0xbbee,222,97,1,2
4,9,,50,0xcc33,319,109,1,1
5,9,,50,0xcc66,203,119,1,0
,,,,,,,,
1,9,,51,0xcc22,222,23,1,5
2,9,,51,0xbbdd,339,84,1,2
3,9,,51,0xcc11,296,96,1,0
4,9,,51,0xbbee,223,98,1,2
5,9,,51,0xcc33,321,110,1,1
6,9,,51,0xcc66,203,120,1,0
,,,,,,,,
1,9,,52,0xcc22,219,24,1,5
2,9,,52,0xbbdd,338,85,1,2
3,9,,52,0xcc11,297,97,1,0
4,9,,52,0xbbee,223,99,1,2
5,9,,52,0xcc33,318,111,1,1
6,9,,52,0xcc66,198,121,1,0
,,,,,,,,
1,9,,53,0xcc22,219,25,1,5
2,9,,53,0xbbdd,337,86,1,2
3,9,,53,0xcc11,301,98,1,0
4,9,,53,0xbbee,219,100,1,2
5,9,,53,0xcc33,319,112,1,1
6,9,,53,0xcc66,200,122,1,0
7,9,,53,0xbbff,321,39,1,6
,,,,,,,,
1,9,,55,0xcc22,221,26,1,5
2,9,,55,0xbbdd,338,87,1,2
3,9,,55,0xcc11,301,99,1,0
4,9,,55,0xbbee,222,101,1,2
5,9,,55,0xcc33,318,113,1,1
6,9,,55,0xcc66,199,123,1,0
,,,,,,,,
1,9,,56,0xcc22,216,27,1,5
2,9,,56,0xcc11,298,100,1,0
3,9,,56,0xcc33,319,114,1,1
4,9,,56,0xcc66,201,124,1,0
,,,,,,,,
1,9,,57,0xcc22,223,28,1,5
2,9,,57,0xbbdd,337,88,1,3
3,9,,57,0xcc11,298,101,1,0
4,9,,57,0xbbee,220,102,1,2
5,9,,57,0xcc33,315,115,1,1
6,9,,57,0xcc66,196,125,1,0
7,9,,57,0xbbff,319,40,1,6
,,,,,,,,
1,9,,58,0xcc22,219,29,1,5
2,9,,58,0xbbdd,340,89,1,3
3,9,,58,0xcc11,300,102,1,0
4,9,,58,0xbbee,221,103,1,2
5,9,,58,0xcc33,314,116,1,1
6,9,,58,0xcc66,201,126,1,0
7,9,,58,0xbbff,314,41,1,6
,,,,,,,,
1,9,,59,0xcc22,223,30,1,5
2,9,,59,0xbbdd,338,90,1,3
3,9,,59,0xcc11,298,103,1,0
4,9,,59,0xbbee,224,104,1,2
5,9,,59,0xcc33,316,117,1,1
6,9,,59,0xcc66,199,127,1,0
7,9,,59,0xbbff,315,42,1,6
,,,,,,,,
1,10,,0,0xbbdd,339,91,1,3
2,10,,0,0xcc11,303,104,1,0
3,10,,0,0xbbee,219,105,1,2
4,10,,0,0xcc33,312,118,1,1
5,10,,0,0xcc66,200,128,1,0
,,,,,,,,
1,10,,1,0xcc22,219,31,1,6
2,10,,1,0xbbdd,336,92,1,3
3,10,,1,0xcc11,295,105,1,0
4,10,,1,0xbbee,219,106,1,2
5,10,,1,0xcc33,314,119,1,1
6,10,,1,0xcc66,201,129,1,0
7,10,,1,0xbbff,313,43,1,6
,,,,,,,,
1,10,,2,0xcc22,221,32,1,6
2,10,,2,0xbbdd,340,93,1,3
3,10,,2,0xcc11,298,106,1,0
4,10,,2,0xbbee,224,107,1,2
5,10,,2,0xcc33,319,120,1,1
6,10,,2,0xcc66,202,130,1,0
7,10,,2,0xbbff,320,44,1,6
,,,,,,,,
1,10,,15,0xcc22,220,39,1,7
2,10,,15,0xbbdd,336,102,1,3
3,10,,15,0xcc11,296,115,1,0
4,10,,15,0xbbee,225,115,1,2
5,10,,15,0xcc33,318,129,1,1
6,10,,15,0xcc66,201,139,1,0
7,10,,15,0xbbff,321,48,1,6
,,,,,,,,
1,10,,15,0xcc22,220,40,1,7
2,10,,15,0xbbdd,338,103,1,3
3,10,,15,0xcc11,296,116,1,0
4,10,,15,0xbbee,225,116,1,2
5,10,,15,0xcc33,313,130,1,1
6,10,,15,0xcc66,202,140,1,0
7,10,,15,0xbbff,315,49,1,6
,,,,,,,,
1,10,,15,0xcc22,222,41,1,7
2,10,,15,0xbbdd,335,104,1,3
3,10,,15,0xcc11,299,117,1,0
4,10,,15,0xbbee,223,117,1,2
5,10,,15,0xcc33,314,131,1,1
6,10,,15,0xcc66,200,141,1,0
7,10,,15,0xbbff,318,50,1,6
,,,,,,,,
1,10,,15,0xbbdd,330,105,1,3
2,10,,15,0xcc11,295,118,1,0
3,10,,15,0xbbee,221,118,1,2
4,10,,15,0xcc33,313,132,1,1
5,10,,15,0xcc66,197,142,1,0
,,,,,,,,
1,10,,15,0xcc22,218,42,1,7
2,10,,15,0xbbdd,336,106,1,3
3,10,,15,0xcc11,300,119,1,0
4,10,,15,0xbbee,222,119,1,2
5,10,,15,0xcc33,316,133,1,1
6,10,,15,0xcc66,205,143,1,0
7,10,,15,0xbbff,319,51,1,6
,,,,,,,,
1,10,,15,0xcc22,222,43,1,7
2,10,,15,0xbbdd,338,107,1,3
3,10,,15,0xcc11,295,120,1,0
4,10,,15,0xbbee,222,120,1,2
5,10,,15,0xcc33,319,134,1,1
6,10,,15,0xcc66,200,144,1,0
,,,,,,,,
1,10,,17,0xcc22,221,44,1,7
2,10,,17,0xbbdd,339,108,1,3
3,10,,17,0xcc11,299,121,1,0
4,10,,17,0xbbee,225,121,1,2
5,10,,17,0xcc33,317,135,1,1
6,10,,17,0xcc66,204,145,1,0
,,,,,,,,
1,10,,17,0xcc22,222,45,1,7
2,10,,17,0xbbdd,337,109,1,3
3,10,,17,0xcc11,296,122,1,0
4,10,,17,0xbbee,221,122,1,2
5,10,,17,0xcc33,318,136,1,1
6,10,,17,0xcc66,197,146,1,0
,,,,,,,,
1,10,,18,0xcc22,223,46,1,7
2,10,,18,0xbbdd,336,110,1,3
3,10,,18,0xcc11,298,123,1,0
4,10,,18,0xbbee,225,123,1,2
5,10,,18,0xcc33,315,137,1,1
6,10,,18,0xcc66,198,147,1,0
,,,,,,,,
1,10,,19,0xcc22,218,47,1,7
2,10,,19,0xbbdd,334,111,1,3
3,10,,19,0xcc11,297,124,1,0
4,10,,19,0xbbee,225,124,1,2
5,10,,19,0xcc33,315,138,1,1
6,10,,19,0xcc66,200,148,1,0
7,10,,19,0xbbff,317,52,1,6
,,,,,,,,
1,10,,21,0xcc22,220,48,1,7
2,10,,21,0xbbdd,334,112,1,3
3,10,,21,0xcc11,298,125,1,0
4,10,,21,0xbbee,221,125,1,2
5,10,,21,0xcc33,315,139,1,1
6,10,,21,0xcc66,199,149,1,0
7,10,,21,0xbbff,318,53,1,6
,,,,,,,,
1,10,,22,0xcc22,219,49,1,7
2,10,,22,0xbbdd,333,113,1,3
3,10,,22,0xcc11,296,126,1,0
4,10,,22,0xbbee,222,126,1,2
5,10,,22,0xcc33,314,140,1,1
6,10,,22,0xcc66,204,150,1,0
,,,,,,,,
1,10,,23,0xcc22,219,50,1,7
2,10,,23,0xbbdd,339,114,1,3
3,10,,23,0xcc11,298,127,1,0
4,10,,23,0xbbee,223,127,1,2
5,10,,23,0xcc33,313,141,1,1
6,10,,23,0xcc66,199,151,1,0
7,10,,23,0xbbff,318,54,1,6
,,,,,,,,
1,10,,24,0xcc22,220,51,1,7
2,10,,24,0xbbdd,335,115,1,3
3,10,,24,0xcc11,298,128,1,0
4,10,,24,0xcc33,318,142,1,1
5,10,,24,0xcc66,206,152,1,0
,,,,,,,,
1,10,,25,0xbbdd,338,116,1,3
2,10,,25,0xcc11,300,129,1,0
3,10,,25,0xbbee,222,128,1,2
4,10,,25,0xcc33,317,143,1,1
5,10,,25,0xcc66,202,153,1,0
,,,,,,,,
1,10,,26,0xcc22,220,52,1,8
2,10,,26,0xbbdd,333,117,1,3
3,10,,26,0xcc11,299,130,1,0
4,10,,26,0xbbee,227,129,1,2
5,10,,26,0xcc33,319,144,1,1
6,10,,26,0xcc66,198,154,1,0
7,10,,26,0xbbff,315,55,1,6
,,,,,,,,
1,10,,27,0xcc22,220,53,1,8
2,10,,27,0xbbdd,338,118,1,3
3,10,,27,0xcc11,298,131,1,0
4,10,,27,0xbbee,223,130,1,2
5,10,,27,0xcc33,317,145,1,1
6,10,,27,0xcc66,198,155,1,0
,,,,,,,,
1,10,,28,0xcc22,225,54,1,8
2,10,,28,0xbbdd,339,119,1,3
3,10,,28,0xcc11,298,132,1,0
4,10,,28,0xbbee,221,131,1,2
5,10,,28,0xcc33,320,146,1,1
6,10,,28,0xcc66,199,156,1,0
,,,,,,,,
1,10,,29,0xcc22,223,55,1,8
2,10,,29,0xbbdd,338,120,1,3
3,10,,29,0xcc11,298,133,1,0
4,10,,29,0xbbee,220,132,1,2
5,10,,29,0xcc33,313,147,1,1
6,10,,29,0xcc66,198,157,1,0
,,,,,,,,
1,10,,30,0xbbdd,335,121,1,3
2,10,,30,0xcc11,295,134,1,0
3,10,,30,0xbbee,222,133,1,2
4,10,,30,0xcc33,317,148,1,1
5,10,,30,0xcc66,200,158,1,0
6,10,,30,0xbbff,318,56,1,6
,,,,,,,,
1,10,,31,0xbbdd,334,122,1,3
2,10,,31,0xcc11,299,135,1,0
3,10,,31,0xbbee,225,134,1,2
4,10,,31,0xcc33,316,149,1,1
5,10,,31,0xcc66,197,159,1,0
6,10,,31,0xbbff,317,57,1,6
,,,,,,,,
1,10,,32,0xcc22,220,56,1,8
2,10,,32,0xbbdd,335,123,1,3
3,10,,32,0xcc11,297,136,1,0
4,10,,32,0xbbee,223,135,1,2
5,10,,32,0xcc33,311,150,1,1
6,10,,32,0xcc66,205,160,1,0
7,10,,32,0xbbff,313,58,1,6
,,,,,,,,
1,10,,33,0xcc22,223,57,1,8
2,10,,33,0xbbdd,335,124,1,3
3,10,,33,0xcc11,301,137,1,0
4,10,,33,0xbbee,222,136,1,2
5,10,,33,0xcc33,311,151,1,1
6,10,,33,0xcc66,201,161,1,0
7,10,,33,0xbbff,313,59,1,6
,,,,,,,,
1,10,,34,0xbbdd,340,125,1,3
2,10,,34,0xcc11,303,138,1,0
3,10,,34,0xbbee,223,137,1,2
4,10,,34,0xcc33,320,152,1,1
5,10,,34,0xcc66,203,162,1,0
6,10,,34,0xbbff,318,60,1,6
,,,,,,,,
1,10,,35,0xcc22,220,58,1,9
2,10,,35,0xbbdd,336,126,1,3
3,10,,35,0xcc11,298,139,1,0
4,10,,35,0xbbee,220,138,1,2
5,10,,35,0xcc33,317,153,1,1
6,10,,35,0xcc66,205,163,1,0
,,,,,,,,
1,10,,36,0xcc22,227,59,1,9
2,10,,36,0xbbdd,336,127,1,3
3,10,,36,0xcc11,298,140,1,0
4,10,,36,0xbbee,225,139,1,2
5,10,,36,0xcc33,317,154,1,1
6,10,,36,0xcc66,202,164,1,0
7,10,,36,0xbbff,315,61,1,6
,,,,,,,,
1,10,,36,0xcc22,226,60,1,9
2,10,,36,0xcc11,296,141,1,0
3,10,,36,0xbbee,223,140,1,2
4,10,,36,0xcc33,314,155,1,1
5,10,,36,0xcc66,202,165,1,0
6,10,,36,0xbbff,316,62,1,6
,,,,,,,,
1,10,,37,0xcc22,224,61,1,9
2,10,,37,0xbbdd,336,128,1,3
3,10,,37,0xcc11,301,142,1,0
4,10,,37,0xbbee,220,141,1,2
5,10,,37,0xcc33,317,156,1,1
6,10,,37,0xcc66,202,166,1,0
,,,,,,,,
1,10,,38,0xcc22,226,62,1,9
2,10,,38,0xbbdd,337,129,1,3
3,10,,38,0xcc11,296,143,1,0
4,10,,38,0xbbee,219,142,1,2
5,10,,38,0xcc33,315,157,1,1
6,10,,38,0xcc66,202,167,1,0
,,,,,,,,
1,10,,39,0xcc22,221,63,1,9
2,10,,39,0xbbdd,335,130,1,3
3,10,,39,0xcc11,299,144,1,0
4,10,,39,0xbbee,223,143,1,2
5,10,,39,0xcc33,319,158,1,1
6,10,,39,0xcc66,204,168,1,0
7,10,,39,0xbbff,315,63,1,6
,,,,,,,,
1,10,,40,0xcc22,217,64,1,9
2,10,,40,0xbbdd,339,131,1,3
3,10,,40,0xcc11,299,145,1,0
4,10,,40,0xbbee,223,144,1,2
5,10,,40,0xcc33,313,159,1,1
6,10,,40,0xcc66,202,169,1,0
7,10,,40,0xbbff,318,64,1,6
,,,,,,,,
1,10,,41,0xcc22,224,65,1,9
2,10,,41,0xbbdd,335,132,1,3
3,10,,41,0xcc11,300,146,1,0
4,10,,41,0xbbee,224,145,1,2
5,10,,41,0xcc33,318,160,1,1
6,10,,41,0xcc66,196,170,1,0
,,,,,,,,
1,10,,42,0xcc22,219,66,1,9
2,10,,42,0xbbdd,342,133,1,3
3,10,,42,0xcc11,298,147,1,0
4,10,,42,0xbbee,225,146,1,2
5,10,,42,0xcc33,317,161,1,1
6,10,,42,0xcc66,205,171,1,0
,,,,,,,,
1,10,,43,0xcc22,222,67,1,9
2,10,,43,0xbbdd,335,134,1,3
3,10,,43,0xcc11,300,148,1,0
4,10,,43,0xbbee,224,147,1,2
5,10,,43,0xcc33,318,162,1,1
6,10,,43,0xcc66,203,172,1,0
7,10,,43,0xbbff,320,65,1,6
,,,,,,,,
1,10,,44,0xcc22,221,68,1,9
2,10,,44,0xbbdd,338,135,1,3
3,10,,44,0xcc11,299,149,1,0
4,10,,44,0xbbee,224,148,1,2
5,10,,44,0xcc33,315,163,1,1
6,10,,44,0xcc66,203,173,1,0
7,10,,44,0xbbff,323,66,1,6
,,,,,,,,
1,10,,46,0xcc22,222,69,1,9
2,10,,46,0xbbdd,334,136,1,3
3,10,,46,0xcc11,300,150,1,0
4,10,,46,0xbbee,222,149,1,2
5,10,,46,0xcc33,317,164,1,1
6,10,,46,0xcc66,203,174,1,0
7,10,,46,0xbbff,318,67,1,6
,,,,,,,,
1,10,,47,0xcc22,226,70,1,9
2,10,,47,0xbbdd,336,137,1,3
3,10,,47,0xcc11,298,151,1,0
4,10,,47,0xbbee,224,150,1,2
5,10,,47,0xcc33,315,165,1,1
6,10,,47,0xcc66,200,175,1,0
7,10,,47,0xbbff,318,68,1,6
,,,,,,,,
1,10,,48,0xcc22,219,71,1,9
2,10,,48,0xbbdd,336,138,1,3
3,10,,48,0xcc11,296,152,1,0
4,10,,48,0xbbee,225,151,1,2
5,10,,48,0xcc33,311,166,1,1
6,10,,48,0xcc66,202,176,1,0
,,,,,,,,
1,10,,49,0xcc22,219,72,1,9
2,10,,49,0xbbdd,336,139,1,3
3,10,,49,0xcc11,299,153,1,0
4,10,,49,0xbbee,224,152,1,2
5,10,,49,0xcc33,317,167,1,1
6,10,,49,0xcc66,201,177,1,0
7,10,,49,0xbbff,322,69,1,6
,,,,,,,,
1,10,,50,0xcc22,221,73,1,9
2,10,,50,0xbbdd,338,140,1,3
3,10,,50,0xcc11,301,154,1,0
4,10,,50,0xbbee,221,153,1,2
5,10,,50,0xcc33,316,168,1,1
6,10,,50,0xcc66,199,178,1,0
,,,,,,,,
1,10,,51,0xcc22,220,74,1,9
2,10,,51,0xbbdd,334,141,1,3
3,10,,51,0xcc11,297,155,1,0
4,10,,51,0xbbee,222,154,1,2
5,10,,51,0xcc33,316,169,1,1
6,10,,51,0xcc66,198,179,1,0
,,,,,,,,
1,10,,52,0xbbdd,333,142,1,3
2,10,,52,0xcc11,293,156,1,0
3,10,,52,0xbbee,224,155,1,2
4,10,,52,0xcc33,317,170,1,1
5,10,,52,0xcc66,205,180,1,0
6,10,,52,0xbbff,316,70,1,6
,,,,,,,,
1,10,,53,0xcc22,216,75,1,9
2,10,,53,0xbbdd,336,143,1,3
3,10,,53,0xcc11,297,157,1,0
4,10,,53,0xbbee,225,156,1,2
5,10,,53,0xcc33,313,171,1,1
6,10,,53,0xcc66,201,181,1,0
,,,,,,,,
1,10,,54,0xbbdd,340,144,1,3
2,10,,54,0xcc11,299,158,1,0
3,10,,54,0xbbee,226,157,1,2
4,10,,54,0xcc33,312,172,1,1
5,10,,54,0xcc66,199,182,1,0
6,10,,54,0xbbff,322,71,1,6
,,,,,,,,
1,10,,55,0xbbdd,341,145,1,3
2,10,,55,0xcc11,306,159,1,0
3,10,,55,0xbbee,225,158,1,2
4,10,,55,0xcc33,314,173,1,1
5,10,,55,0xcc66,196,183,1,0
,,,,,,,,
1,10,,56,0xbbdd,344,146,1,3
2,10,,56,0xcc11,302,160,1,0
3,10,,56,0xbbee,222,159,1,2
4,10,,56,0xcc33,317,174,1,1
5,10,,56,0xcc66,204,184,1,0
6,10,,56,0xbbff,318,72,1,6
,,,,,,,,
1,10,,57,0xbbdd,344,147,1,3
2,10,,57,0xcc11,302,161,1,0
3,10,,57,0xbbee,206,160,1,2
4,10,,57,0xcc33,322,175,1,1
5,10,,57,0xcc66,202,185,1,0
6,10,,57,0xbbff,316,73,1,6
,,,,,,,,
1,10,,58,0xbbdd,347,148,1,3
2,10,,58,0xcc11,301,162,1,0
3,10,,58,0xbbee,207,161,1,2
4,10,,58,0xcc33,315,176,1,1
5,10,,58,0xcc66,203,186,1,0
,,,,,,,,
1,10,,59,0xbbdd,344,149,1,3
2,10,,59,0xcc11,304,163,1,0
3,10,,59,0xbbee,206,162,1,2
4,10,,59,0xcc33,323,177,1,1
5,10,,59,0xcc66,209,187,1,0
,,,,,,,,
1,10,,59,0xcc22,222,1,1,0
2,10,,59,0xbbdd,338,150,1,3
3,10,,59,0xcc11,297,164,1,0
4,10,,59,0xbbee,224,163,1,2
5,10,,59,0xcc33,313,178,1,1
6,10,,59,0xcc66,202,188,1,0
7,10,,59,0xbbff,319,74,1,6
,,,,,,,,
1,11,,0,0xcc22,220,2,1,0
2,11,,0,0xbbdd,338,151,1,3
3,11,,0,0xcc11,297,165,1,0
4,11,,0,0xbbee,225,164,1,2
5,11,,0,0xcc33,314,179,1,1
6,11,,0,0xcc66,206,189,1,0
,,,,,,,,
1,11,,1,0xbbdd,337,152,1,3
2,11,,1,0xcc11,300,166,1,0
3,11,,1,0xbbee,223,165,1,2
4,11,,1,0xcc33,315,180,1,1
5,11,,1,0xcc66,203,190,1,0
,,,,,,,,
1,11,,3,0xbbdd,334,153,1,3
2,11,,3,0xcc11,297,167,1,0
3,11,,3,0xbbee,225,166,1,2
4,11,,3,0xcc33,317,181,1,1
5,11,,3,0xcc66,193,191,1,0
6,11,,3,0xbbff,317,75,1,6
,,,,,,,,
1,11,,3,0xcc22,223,3,1,1
2,11,,3,0xbbdd,339,154,1,3
3,11,,3,0xcc11,298,168,1,0
4,11,,3,0xbbee,223,167,1,2
5,11,,3,0xcc33,314,182,1,1
6,11,,3,0xcc66,203,192,1,0
7,11,,3,0xbbff,316,76,1,6
,,,,,,,,
1,11,,4,0xbbdd,335,155,1,3
2,11,,4,0xcc11,296,169,1,0
3,11,,4,0xbbee,224,168,1,2
4,11,,4,0xcc33,314,183,1,1
5,11,,4,0xcc66,199,193,1,0
6,11,,4,0xbbff,318,77,1,6
,,,,,,,,
1,11,,5,0xcc22,221,4,1,1
2,11,,5,0xbbdd,338,156,1,3
3,11,,5,0xcc11,301,170,1,0
4,11,,5,0xbbee,226,169,1,2
5,11,,5,0xcc33,314,184,1,1
6,11,,5,0xcc66,201,194,1,0
,,,,,,,,
1,11,,6,0xcc22,227,5,1,1
2,11,,6,0xbbdd,339,157,1,3
3,11,,6,0xcc11,300,171,1,0
4,11,,6,0xbbee,228,170,1,2
5,11,,6,0xcc33,315,185,1,1
6,11,,6,0xcc66,200,195,1,0
7,11,,6,0xbbff,317,78,1,6
,,,,,,,,
1,11,,7,0xcc22,221,6,1,1
2,11,,7,0xbbdd,346,158,1,3
3,11,,7,0xcc11,298,172,1,0
4,11,,7,0xbbee,225,171,1,2
5,11,,7,0xcc33,318,186,1,1
6,11,,7,0xcc66,201,196,1,0
7,11,,7,0xbbff,316,79,1,6
,,,,,,,,
1,11,,8,0xcc22,221,7,1,1
2,11,,8,0xbbdd,336,159,1,3
3,11,,8,0xcc11,299,173,1,0
4,11,,8,0xbbee,223,172,1,2
5,11,,8,0xcc33,316,187,1,1
6,11,,8,0xcc66,200,197,1,0
,,,,,,,,
1,11,,9,0xcc22,222,8,1,1
2,11,,9,0xbbdd,338,160,1,3
3,11,,9,0xcc11,296,174,1,0
4,11,,9,0xbbee,227,173,1,2
5,11,,9,0xcc33,318,188,1,1
6,11,,9,0xcc66,206,198,1,0
7,11,,9,0xbbff,322,80,1,6
,,,,,,,,
1,11,,10,0xbbdd,332,161,1,3
2,11,,10,0xcc11,292,175,1,0
3,11,,10,0xbbee,224,174,1,2
4,11,,10,0xcc33,315,189,1,1
5,11,,10,0xcc66,200,199,1,0
6,11,,10,0xbbff,320,81,1,6
,,,,,,,,
1,11,,12,0xcc22,221,9,1,1
2,11,,12,0xbbdd,336,162,1,3
3,11,,12,0xcc11,297,176,1,0
4,11,,12,0xbbee,226,175,1,2
5,11,,12,0xcc33,316,190,1,1
6,11,,12,0xcc66,199,200,1,0
,,,,,,,,
1,11,,13,0xbbdd,334,163,1,3
2,11,,13,0xcc11,297,177,1,0
3,11,,13,0xbbee,224,176,1,2
4,11,,13,0xcc33,315,191,1,1
5,11,,13,0xcc66,200,201,1,0
6,11,,13,0xbbff,322,82,1,6
,,,,,,,,
1,11,,14,0xcc22,218,10,1,1
2,11,,14,0xbbdd,337,164,1,3
3,11,,14,0xcc11,302,178,1,0
4,11,,14,0xbbee,226,177,1,2
5,11,,14,0xcc33,315,192,1,1
6,11,,14,0xcc66,201,202,1,0
7,11,,14,0xbbff,319,83,1,6
,,,,,,,,
1,11,,15,0xcc22,223,11,1,1
2,11,,15,0xbbdd,342,165,1,3
3,11,,15,0xcc11,299,179,1,0
4,11,,15,0xbbee,222,178,1,2
5,11,,15,0xcc33,316,193,1,1
6,11,,15,0xcc66,201,203,1,0
7,11,,15,0xbbff,318,84,1,6
,,,,,,,,
1,11,,16,0xcc22,223,12,1,1
2,11,,16,0xbbdd,336,166,1,3
3,11,,16,0xcc11,295,180,1,0
4,11,,16,0xbbee,223,179,1,2
5,11,,16,0xcc33,313,194,1,1
6,11,,16,0xcc66,197,204,1,0
,,,,,,,,
1,11,,17,0xcc22,220,13,1,1
2,11,,17,0xbbdd,340,167,1,3
3,11,,17,0xcc11,301,181,1,0
4,11,,17,0xbbee,227,180,1,2
5,11,,17,0xcc33,323,195,1,1
6,11,,17,0xcc66,207,205,1,0
7,11,,17,0xbbff,321,85,1,6
,,,,,,,,
1,11,,18,0xcc22,219,14,1,1
2,11,,18,0xbbdd,337,168,1,3
3,11,,18,0xcc11,301,182,1,0
4,11,,18,0xbbee,226,181,1,2
5,11,,18,0xcc33,325,196,1,1
6,11,,18,0xcc66,196,206,1,0
,,,,,,,,
1,11,,19,0xcc22,225,15,1,1
2,11,,19,0xbbdd,340,169,1,3
3,11,,19,0xcc11,302,183,1,0
4,11,,19,0xbbee,226,182,1,2
5,11,,19,0xcc33,315,197,1,1
6,11,,19,0xcc66,203,207,1,0
7,11,,19,0xbbff,317,86,1,6
,,,,,,,,
1,11,,20,0xcc22,224,16,1,1
2,11,,20,0xbbdd,338,170,1,3
3,11,,20,0xcc11,300,184,1,0
4,11,,20,0xbbee,221,183,1,2
5,11,,20,0xcc33,311,198,1,1
6,11,,20,0xcc66,198,208,1,0
7,11,,20,0xbbff,318,87,1,6
,,,,,,,,
1,11,,21,0xbbdd,340,171,1,3
2,11,,21,0xcc11,305,185,1,0
3,11,,21,0xbbee,224,184,1,2
4,11,,21,0xcc33,314,199,1,1
5,11,,21,0xcc66,199,209,1,0
6,11,,21,0xbbff,318,88,1,6
,,,,,,,,
1,11,,22,0xcc22,225,17,1,2
2,11,,22,0xbbdd,338,172,1,3
3,11,,22,0xcc11,299,186,1,0
4,11,,22,0xbbee,225,185,1,2
5,11,,22,0xcc33,316,200,1,1
6,11,,22,0xcc66,196,210,1,0
,,,,,,,,
1,11,,22,0xcc22,219,18,1,2
2,11,,22,0xbbdd,337,173,1,3
3,11,,22,0xcc11,300,187,1,0
4,11,,22,0xbbee,220,186,1,2
5,11,,22,0xcc33,309,201,1,1
6,11,,22,0xbbff,320,89,1,6
,,,,,,,,
1,11,,23,0xcc22,220,19,1,2
2,11,,23,0xbbdd,335,174,1,3
3,11,,23,0xcc11,302,188,1,0
4,11,,23,0xbbee,220,187,1,2
5,11,,23,0xcc33,308,202,1,1
6,11,,23,0xbbff,319,90,1,6
,,,,,,,,
1,11,,24,0xcc22,219,20,1,2
2,11,,24,0xbbdd,333,175,1,3
3,11,,24,0xcc11,297,189,1,0
4,11,,24,0xbbee,218,188,1,2
5,11,,24,0xcc33,312,203,1,1
,,,,,,,,
1,11,,25,0xcc22,223,21,1,2
2,11,,25,0xbbdd,335,176,1,3
3,11,,25,0xcc11,297,190,1,0
4,11,,25,0xbbee,221,189,1,2
5,11,,25,0xcc33,314,204,1,1
,,,,,,,,
1,11,,26,0xbbdd,335,177,1,3
2,11,,26,0xcc11,302,191,1,0
3,11,,26,0xbbee,219,190,1,2
4,11,,26,0xcc33,309,205,1,1
5,11,,26,0xbbff,319,91,1,6
,,,,,,,,
1,11,,27,0xcc22,219,22,1,3
2,11,,27,0xbbdd,339,178,1,3
3,11,,27,0xcc11,298,192,1,0
4,11,,27,0xbbee,219,191,1,2
5,11,,27,0xcc33,312,206,1,1
6,11,,27,0xbbff,315,92,1,6
,,,,,,,,
1,11,,29,0xcc22,220,23,1,3
2,11,,29,0xbbdd,339,179,1,3
3,11,,29,0xcc11,297,193,1,0
4,11,,29,0xbbee,218,192,1,2
5,11,,29,0xcc33,311,207,1,1
6,11,,29,0xbbff,322,93,1,6
,,,,,,,,
1,11,,29,0xcc22,225,24,1,3
2,11,,29,0xbbdd,343,180,1,3
3,11,,29,0xcc11,300,194,1,0
4,11,,29,0xbbee,219,193,1,2
5,11,,29,0xcc33,311,208,1,1
6,11,,29,0xbbff,318,94,1,6
,,,,,,,,
1,11,,33,0xcc22,218,25,1,3
2,11,,33,0xbbdd,338,181,1,3
3,11,,33,0xcc11,296,195,1,0
4,11,,33,0xbbee,220,194,1,2
5,11,,33,0xcc33,310,209,1,1
,,,,,,,,
1,11,,33,0xcc22,226,26,1,3
2,11,,33,0xbbdd,337,182,1,3
3,11,,33,0xcc11,298,196,1,0
4,11,,33,0xbbee,219,195,1,2
5,11,,33,0xcc33,316,210,1,1
,,,,,,,,
1,11,,33,0xcc22,219,27,1,3
2,11,,33,0xbbdd,334,183,1,3
3,11,,33,0xcc11,299,197,1,0
4,11,,33,0xbbee,219,196,1,2
5,11,,33,0xcc33,313,211,1,1
,,,,,,,,
1,11,,36,0xcc22,225,28,1,3
2,11,,36,0xbbdd,340,184,1,3
3,11,,36,0xcc11,297,198,1,0
4,11,,36,0xbbee,219,197,1,2
5,11,,36,0xcc33,305,212,1,1
,,,,,,,,
1,11,,36,0xcc22,217,29,1,3
2,11,,36,0xbbdd,338,185,1,3
3,11,,36,0xcc11,299,199,1,0
4,11,,36,0xbbee,217,198,1,2
5,11,,36,0xcc33,315,213,1,1
,,,,,,,,
1,11,,36,0xcc22,220,30,1,3
2,11,,36,0xbbdd,337,186,1,3
3,11,,36,0xcc11,299,200,1,0
4,11,,36,0xbbee,213,199,1,2
,,,,,,,,
1,11,,37,0xcc22,221,31,1,3
2,11,,37,0xbbdd,336,187,1,3
3,11,,37,0xcc11,297,201,1,0
4,11,,37,0xbbee,214,200,1,2
,,,,,,,,
1,11,,38,0xcc22,222,32,1,3
2,11,,38,0xbbdd,337,188,1,3
3,11,,38,0xcc11,297,202,1,0
4,11,,38,0xbbee,213,201,1,2
,,,,,,,,
1,11,,42,0xcc22,227,33,1,3
2,11,,42,0xbbdd,339,189,1,3
3,11,,42,0xcc11,302,203,1,0
4,11,,42,0xbbee,209,202,1,2
,,,,,,,,
1,11,,42,0xcc22,218,34,1,3
2,11,,42,0xbbdd,340,190,1,3
3,11,,42,0xcc11,299,204,1,0
4,11,,42,0xbbee,215,203,1,2
,,,,,,,,
1,11,,42,0xcc22,216,35,1,3
2,11,,42,0xbbdd,340,191,1,3
3,11,,42,0xcc11,300,205,1,0
4,11,,42,0xbbee,212,204,1,2
,,,,,,,,
1,11,,42,0xcc22,221,36,1,3
2,11,,42,0xbbdd,337,192,1,3
3,11,,42,0xcc11,296,206,1,0
4,11,,42,0xbbee,214,205,1,2
,,,,,,,,
1,11,,44,0xcc22,224,37,1,3
2,11,,44,0xbbdd,338,193,1,3
3,11,,44,0xcc11,298,207,1,0
4,11,,44,0xbbee,215,206,1,2
,,,,,,,,
1,11,,44,0xcc22,221,38,1,3
2,11,,44,0xbbdd,337,194,1,3
3,11,,44,0xcc11,296,208,1,0
,,,,,,,,
1,11,,45,0xcc22,220,39,1,3
2,11,,45,0xbbdd,339,195,1,3
3,11,,45,0xcc11,300,209,1,0
,,,,,,,,
1,11,,45,0xcc22,218,40,1,3
2,11,,45,0xbbdd,336,196,1,3
3,11,,45,0xcc11,300,210,1,0
,,,,,,,,
1,11,,46,0xcc22,219,41,1,3
2,11,,46,0xbbdd,337,197,1,3
3,11,,46,0xcc11,302,211,1,0
,,,,,,,,
1,11,,47,0xbbdd,342,198,1,3
2,11,,47,0xcc11,300,212,1,0
,,,,,,,,
1,11,,48,0xcc22,222,42,1,4
2,11,,48,0xbbdd,338,199,1,3
3,11,,48,0xcc11,299,213,1,0
,,,,,,,,
1,11,,49,0xcc22,217,43,1,4
2,11,,49,0xbbdd,335,200,1,3
3,11,,49,0xcc11,295,214,1,0
,,,,,,,,
1,11,,52,0xcc22,218,44,1,4
2,11,,52,0xbbdd,340,201,1,3
3,11,,52,0xcc11,296,215,1,0
,,,,,,,,
1,11,,52,0xcc22,219,45,1,4
2,11,,52,0xbbdd,339,202,1,3
3,11,,52,0xcc11,291,216,1,0
,,,,,,,,
1,11,,53,0xcc22,221,46,1,4
2,11,,53,0xbbdd,336,203,1,3
3,11,,53,0xcc11,296,217,1,0
,,,,,,,,
1,11,,54,0xcc22,222,47,1,4
2,11,,54,0xbbdd,336,204,1,3
3,11,,54,0xcc11,293,218,1,0
,,,,,,,,
1,11,,54,0xbbdd,343,205,1,3
2,11,,54,0xcc11,300,219,1,0
,,,,,,,,
1,11,,57,0xbbdd,337,206,1,3
2,11,,57,0xcc11,301,220,1,0
,,,,,,,,
1,11,,57,0xbbdd,339,207,1,3
2,11,,57,0xcc11,301,221,1,0
,,,,,,,,
1,11,,57,0xbbdd,339,208,1,3
2,11,,57,0xcc11,302,222,1,0
,,,,,,,,
1,12,,1,0xbbdd,340,209,1,3
,,,,,,,,
1,12,,1,0xbbdd,334,210,1,3
,,,,,,,,
1,12,,1,0xbbdd,336,211,1,3
,,,,,,,,
1,12,,1,0xbbdd,337,212,1,3
,,,,,,,,
1,12,,3,0xbbdd,334,213,1,3
,,,,,,,,
1,12,,4,0xbbdd,339,214,1,3
,,,,,,,,
1,12,,5,0xbbdd,338,215,1,3
,,,,,,,,
1,12,,6,0xbbdd,337,216,1,3
,,,,,,,,
1,12,,6,0xbbdd,335,217,1,3
,,,,,,,,
1,12,,8,0xbbdd,333,218,1,3
,,,,,,,,
1,12,,9,0xbbdd,334,219,1,3
,,,,,,,,
1,12,,10,0xbbdd,332,220,1,3
,,,,,,,,
1,12,,11,0xbbdd,336,221,1,3
